-- Converted by db_converter
START TRANSACTION;
SET standard_conforming_strings=off;
SET escape_string_warning=off;
SET CONSTRAINTS ALL DEFERRED;

CREATE TABLE "bids" (
    "id" integer  NOT NULL,
    "user" integer  NOT NULL,
    "item" integer  NOT NULL,
    "qty" integer  NOT NULL,
    "bid" float  NOT NULL,
    "max_bid" float  NOT NULL,
    "date" timestamp with time zone DEFAULT NULL,
    PRIMARY KEY ("id"),
    UNIQUE ("id")
);

INSERT INTO "bids" VALUES (1,3,70,3,814.51,155.5,'2016-04-21 13:00:26'),(2,2,20,1,917.54,774.39,'2016-02-11 03:46:55'),(3,10,16,1,733.53,229.97,'2015-08-01 03:02:13'),(4,2,27,4,603.95,632.51,'2016-03-14 08:48:00'),(5,5,37,3,471.77,305.05,'2015-12-27 04:45:24'),(6,9,38,5,168.63,785.13,'2015-08-09 00:40:16'),(7,8,1,4,901.24,268.79,'2015-10-02 20:45:42'),(8,3,52,2,867.74,438.24,'2016-02-16 11:50:03'),(9,9,33,5,171.55,722.21,'2015-10-17 07:14:09'),(10,10,72,5,341.05,834.67,'2016-01-10 02:30:12'),(11,7,67,1,463.49,273.33,'2016-01-10 14:44:45'),(12,9,91,4,963.33,992.52,'2016-04-24 10:50:01'),(13,5,50,1,673.52,634.62,'2016-03-31 18:55:53'),(14,7,86,4,2.38,278.75,'2015-05-29 13:27:41'),(15,2,55,1,263.79,355.15,'2016-03-30 20:45:53'),(16,8,25,2,192.03,301.1,'2015-09-16 16:23:48'),(17,2,50,4,956.5,822.63,'2015-10-29 17:09:12'),(18,9,11,2,906.44,500.13,'2015-08-18 18:10:49'),(19,3,97,2,276.31,429.22,'2016-03-12 20:05:52'),(20,10,25,1,879.47,544.8,'2016-05-19 17:39:16'),(21,1,19,1,311.46,15.68,'2015-12-11 14:13:51'),(22,1,33,5,406.66,653.2,'2015-12-18 00:16:09'),(23,4,24,1,204.24,31.86,'2015-12-10 02:57:05'),(24,1,73,5,482.36,164.73,'2015-06-28 12:45:16'),(25,7,72,1,400.2,817.97,'2016-03-05 21:34:35'),(26,6,88,3,59.04,336.13,'2015-09-19 00:51:18'),(27,3,33,2,429,398.81,'2015-12-29 01:23:32'),(28,9,42,1,517.49,112.81,'2015-08-10 16:08:32'),(29,5,1,3,947.26,999.36,'2016-03-19 02:49:33'),(30,3,96,2,180.58,4.24,'2015-10-11 08:32:15'),(31,6,40,2,907.94,622.83,'2015-08-23 13:51:03'),(32,6,63,5,400.43,786.56,'2015-08-03 20:06:46'),(33,4,55,4,256.68,801.89,'2015-11-19 21:20:43'),(34,1,36,4,512.16,454.77,'2016-03-06 06:29:54'),(35,9,12,3,658.42,839.12,'2016-04-25 19:53:14'),(36,10,31,4,359.35,12.13,'2015-10-01 14:32:53'),(37,9,61,3,201.69,471.34,'2015-07-25 23:14:05'),(38,1,59,1,637.19,863.9,'2015-08-30 13:09:00'),(39,4,68,3,457.59,789.69,'2016-04-05 15:07:22'),(40,3,92,5,953.66,730.81,'2015-07-28 10:10:43'),(41,10,94,3,301.8,438.54,'2016-01-25 19:41:06'),(42,4,85,3,949.24,461.78,'2016-03-03 05:42:25'),(43,10,81,2,268.01,414.74,'2016-04-30 12:18:54'),(44,9,41,1,668.15,95.07,'2015-08-19 10:50:54'),(45,1,49,2,868.72,712.55,'2015-10-13 00:19:13'),(46,7,79,2,333.49,433.8,'2015-06-04 09:13:12'),(47,1,20,2,337.62,659.6,'2015-10-25 22:18:07'),(48,6,84,4,31.29,229.7,'2015-08-10 14:15:55'),(49,1,2,3,980.86,768.46,'2015-07-10 08:35:51'),(50,9,46,4,812.87,472.68,'2015-09-15 07:37:07'),(51,8,8,2,704.68,565.2,'2015-08-08 12:54:47'),(52,9,91,5,551.15,11.87,'2015-07-14 02:24:30'),(53,9,89,3,294.45,156.32,'2016-01-05 02:14:11'),(54,4,40,4,824.77,598.12,'2015-12-09 19:13:26'),(55,8,50,5,156.76,841.74,'2016-03-29 02:35:16'),(56,4,57,5,381.75,250.25,'2015-12-31 02:49:06'),(57,3,73,4,5.84,919.33,'2015-09-24 07:50:35'),(58,6,9,1,343.22,308.08,'2015-07-20 12:19:54'),(59,10,16,2,998.22,673.3,'2016-05-02 07:25:29'),(60,7,93,1,461.26,712.81,'2016-02-09 13:46:07'),(61,6,58,2,475.6,451.59,'2015-10-07 11:17:45'),(62,4,10,5,174.79,808.65,'2016-05-11 12:46:54'),(63,3,95,2,787.11,765.85,'2015-12-09 19:27:29'),(64,9,98,1,419.99,322.22,'2015-12-22 16:28:25'),(65,2,87,4,604.6,285.32,'2016-05-23 06:12:37'),(66,7,48,3,69.89,986.05,'2015-10-18 07:28:22'),(67,6,54,1,919.05,648.19,'2015-07-21 17:03:40'),(68,8,85,3,947.21,780.57,'2015-08-24 03:05:29'),(69,3,65,1,666.21,677.58,'2015-10-14 08:29:14'),(70,4,45,5,216.62,174.2,'2016-03-24 15:15:26'),(71,8,17,2,44.21,791.56,'2015-11-07 21:16:49'),(72,6,46,1,26.65,66.03,'2015-08-08 18:48:21'),(73,9,67,1,81.3,366.99,'2015-08-25 09:39:18'),(74,7,94,3,201.42,104.39,'2015-11-21 17:58:12'),(75,2,45,2,834.32,615.74,'2015-08-26 19:07:35'),(76,7,4,4,244.82,68.94,'2015-11-17 15:44:02'),(77,10,8,5,369.15,576.78,'2015-10-15 16:15:27'),(78,5,81,5,179.7,238.57,'2015-07-08 20:20:24'),(79,2,32,1,883.53,564.22,'2016-01-23 12:19:32'),(80,8,97,1,92.61,915.18,'2015-05-31 02:08:13'),(81,2,89,4,57.94,226.12,'2016-05-28 08:34:03'),(82,6,49,2,387.62,173.25,'2015-11-15 17:56:25'),(83,9,24,2,725.85,722.08,'2015-11-29 06:41:19'),(84,7,24,4,808.33,284.03,'2015-09-05 18:23:58'),(85,9,72,2,784.9,789.72,'2016-04-06 16:18:21'),(86,7,73,3,152.07,920.22,'2016-04-11 09:54:19'),(87,8,76,3,642.82,74.2,'2015-09-13 19:52:53'),(88,8,39,2,623.39,875.63,'2016-05-12 10:36:52'),(89,4,85,3,860.6,908.46,'2016-04-22 12:11:39'),(90,9,86,3,968.41,987.39,'2016-04-28 08:30:21'),(91,7,68,1,28.16,762.81,'2016-01-03 04:25:54'),(92,6,39,5,512.01,394.2,'2015-06-23 23:22:46'),(93,3,4,2,67.68,701.28,'2016-05-16 03:24:06'),(94,10,82,2,798.92,18.89,'2015-09-19 03:54:00'),(95,6,73,3,431.8,979.03,'2016-03-07 23:18:10'),(96,10,18,5,53.56,13.35,'2015-12-02 03:46:50'),(97,6,12,2,448.71,21.72,'2015-11-24 01:26:15'),(98,3,34,5,359.54,433.94,'2016-02-24 10:08:18'),(99,5,58,4,772.46,242.27,'2016-01-05 05:36:32'),(100,7,51,3,577.35,475.57,'2015-08-25 05:01:51');
CREATE TABLE "buynow" (
    "id" integer  NOT NULL,
    "buyer" integer  NOT NULL,
    "item" integer  NOT NULL,
    "qty" integer  NOT NULL,
    "date" timestamp with time zone DEFAULT NULL,
    PRIMARY KEY ("id"),
    UNIQUE ("id")
);

INSERT INTO "buynow" VALUES (1,4,96,2,'2016-02-13 09:50:18'),(2,2,4,2,'2015-11-16 03:48:57'),(3,2,53,2,'2015-06-27 19:04:50'),(4,9,15,3,'2015-08-29 22:16:48'),(5,1,13,1,'2015-06-25 12:35:25'),(6,7,39,1,'2016-05-22 23:00:52'),(7,10,10,2,'2015-09-24 21:11:10'),(8,7,68,3,'2015-09-15 20:18:10'),(9,5,51,1,'2015-09-23 20:52:23'),(10,7,41,1,'2015-07-10 09:30:57'),(11,3,57,3,'2015-09-14 20:40:23'),(12,7,11,1,'2016-02-24 22:00:48'),(13,2,24,1,'2015-10-27 10:05:07'),(14,3,72,2,'2015-10-22 16:38:08'),(15,8,30,1,'2015-08-17 17:17:47'),(16,10,86,3,'2015-12-28 13:30:36'),(17,3,4,3,'2015-08-07 05:42:49'),(18,1,82,2,'2016-05-23 15:12:15'),(19,1,78,3,'2016-01-11 23:24:01'),(20,4,97,2,'2015-09-11 00:42:29');
CREATE TABLE "categories" (
    "id" integer  NOT NULL,
    "name" varchar(200) DEFAULT NULL,
    "dummy" integer DEFAULT NULL,
    PRIMARY KEY ("id"),
    UNIQUE ("id")
);

INSERT INTO "categories" VALUES (1,'quo porro quisquam',1),(2,'deleniti atque corrupti',1),(3,'omnis dolor repellendus',1),(4,'praesentium laudantium totam',1),(5,'at vero eos',1);
CREATE TABLE "comments" (
    "id" integer  NOT NULL,
    "from_user" integer  NOT NULL,
    "to_user" integer  NOT NULL,
    "item" integer  NOT NULL,
    "rating" integer DEFAULT NULL,
    "date" timestamp with time zone DEFAULT NULL,
    "comment" text ,
    PRIMARY KEY ("id"),
    UNIQUE ("id")
);

INSERT INTO "comments" VALUES (1,5,7,86,-5,'2015-09-08 12:50:26','voluptas assumenda est omnis dolor repellendus temporibus autem quibusdam\ndolores eos qui ratione voluptatem sequi nesciunt neque dolorem ipsum\nex ea commodi consequatur quis autem vel'),(2,7,1,53,-4,'2016-04-03 09:15:08','doloribus asperiores repellat alias consequatur aut perferendis sit voluptatem accusantium\npraesentium laudantium totam rem voluptatum\nest eligendi optio cumque nihil impedit quo porro'),(3,10,1,17,-2,'2016-02-20 12:30:16','et aut consequatur vel illum qui dolorem eum fugiat quo\ndeleniti atque corrupti quos dolores et quas molestias excepturi\ncorporis nemo enim ipsam voluptatem quia voluptas sit suscipit laboriosam'),(4,3,8,49,-4,'2016-05-17 06:45:55','incidunt ut labore et dolore magnam\net molestiae non recusandae itaque earum rerum\naut fugit sed quia consequuntur magni dolores eos qui'),(5,5,8,35,-2,'2015-11-24 04:52:03','nostrum exercitationem ullam corporis nemo\nquisquam est qui minus id quod\nin culpa qui officia deserunt'),(6,4,8,76,3,'2016-02-16 21:21:36','perspiciatis unde omnis iste natus error similique sunt in\naut perferendis sit voluptatem\nfugit sed quia consequuntur magni dolores eos'),(7,4,2,54,-3,'2016-01-15 13:43:43','similique sunt in culpa qui\ndolorum fuga et harum\nfacere possimus omnis voluptas assumenda'),(8,2,10,74,3,'2016-03-15 23:54:56','neque dolorem ipsum quia dolor sit amet consectetur\nadipisci velit sed quia non numquam eius modi\nquisquam est qui'),(9,2,7,20,-3,'2016-05-10 06:45:05','quia consequuntur magni dolores\nporro quisquam est qui minus id quod maxime placeat facere\ndeleniti atque corrupti quos dolores'),(10,1,8,63,3,'2015-10-22 22:19:52','laborum et dolorum fuga et\nqui ratione voluptatem sequi nesciunt neque dolorem ipsum quia\ndebitis aut rerum necessitatibus saepe eveniet ut et'),(11,4,5,96,-1,'2016-02-10 16:51:41','fugit sed quia consequuntur magni\nautem quibusdam et aut consequatur vel\nest qui minus id quod maxime placeat facere possimus omnis'),(12,2,7,91,5,'2016-04-19 18:32:20','quis autem vel\nhic tenetur a sapiente delectus ut aut reiciendis voluptatibus\na sapiente delectus ut aut'),(13,7,3,58,-5,'2015-12-16 17:18:20','cumque nihil impedit\nerror similique sunt\nculpa qui officia deserunt mollitia animi id'),(14,4,9,88,-5,'2015-11-04 20:57:01','quod maxime placeat facere possimus omnis voluptas\nrerum facilis est\nlaudantium totam rem voluptatum deleniti atque corrupti'),(15,8,3,22,0,'2016-02-02 10:21:38','facilis est et expedita distinctio nam libero tempore cum soluta\nomnis dolor repellendus temporibus autem quibusdam et aut consequatur\nvel illum qui dolorem eum fugiat quo voluptas'),(16,10,9,76,-4,'2015-07-24 08:13:31','qui minus id quod\nunde omnis iste natus error similique sunt in culpa\nrepellendus temporibus autem quibusdam et aut consequatur vel illum'),(17,10,7,28,-3,'2016-03-20 13:45:31','voluptatibus maiores doloribus asperiores repellat\nsuscipit laboriosam nisi ut aliquid ex\ndolorem eum fugiat quo voluptas nulla pariatur at'),(18,8,4,6,3,'2016-04-27 13:24:59','ipsam voluptatem quia voluptas sit\nquaerat voluptatem ut enim ad minima veniam quis nostrum exercitationem\nquia consequuntur magni dolores eos qui ratione voluptatem'),(19,9,10,30,0,'2015-09-10 06:19:48','reprehenderit qui in ea voluptate velit esse quam nihil molestiae\nearum rerum hic tenetur a sapiente delectus ut aut reiciendis\nvoluptas assumenda est omnis dolor repellendus temporibus'),(20,1,8,61,2,'2015-12-27 01:11:09','et quas molestias excepturi sint occaecati cupiditate non provident sed\ncorporis nemo enim ipsam voluptatem quia\ncum soluta nobis est eligendi optio cumque nihil'),(21,2,7,39,-4,'2015-09-18 17:19:17','sunt in culpa qui officia\nut enim ad minima veniam quis nostrum exercitationem ullam\ndolorem eum fugiat quo voluptas nulla pariatur at'),(22,7,4,76,0,'2016-01-27 13:15:28','libero tempore cum soluta nobis est eligendi optio\nsapiente delectus ut\nmaiores doloribus asperiores repellat alias consequatur aut perferendis sit'),(23,9,6,41,-3,'2016-01-25 18:47:31','asperiores repellat alias consequatur aut perferendis\nqui dolorem eum fugiat quo voluptas nulla pariatur at\naccusamus officiis debitis aut rerum necessitatibus saepe eveniet ut et'),(24,4,2,91,0,'2016-05-26 11:09:06','sed ut perspiciatis unde omnis iste natus error similique sunt\nillum qui dolorem eum fugiat quo voluptas nulla\nquia dolor sit amet consectetur adipisci velit sed'),(25,5,4,37,5,'2015-12-18 05:37:39','adipisci velit sed quia\nvoluptas assumenda est omnis dolor repellendus\nquia voluptas sit suscipit laboriosam'),(26,6,7,24,-2,'2016-04-28 06:37:37','inventore veritatis et\ndoloremque aperiam eaque ipsa\nfugit sed quia'),(27,10,1,98,5,'2015-06-06 09:01:32','temporibus autem quibusdam et aut consequatur vel\nrepudiandae sint et molestiae non recusandae itaque earum\nquos dolores et quas molestias excepturi sint occaecati cupiditate non'),(28,6,3,63,5,'2016-04-18 05:09:15','repellendus temporibus autem quibusdam et aut consequatur vel\ninventore veritatis et quasi architecto\ndicta sunt explicabo aspernatur aut'),(29,7,9,9,-3,'2016-04-03 02:25:56','rerum necessitatibus saepe eveniet ut et voluptates\nomnis iste natus error similique sunt\nveniam quis nostrum exercitationem ullam corporis nemo'),(30,8,10,37,2,'2016-02-15 18:02:56','aut fugit sed quia consequuntur magni dolores eos qui\net molestiae non\ndolor sit amet consectetur adipisci velit sed quia non numquam'),(31,6,9,28,-3,'2015-12-01 14:27:27','illum qui dolorem eum fugiat quo voluptas nulla pariatur\nodio dignissimos ducimus qui blanditiis praesentium laudantium totam rem\nin ea voluptate'),(32,1,4,30,-2,'2015-09-02 20:04:28','aut consequatur vel\nqui minus id quod\nrepellendus temporibus autem quibusdam et aut'),(33,7,3,82,0,'2016-05-08 23:42:06','id est laborum et dolorum fuga et harum quidem rerum\nest qui minus id quod maxime placeat\nqui dolorem eum fugiat quo voluptas nulla'),(34,1,8,10,-1,'2015-10-06 10:06:06','adipisci velit sed quia non numquam\nporro quisquam est qui minus id quod\nquia voluptas sit suscipit'),(35,10,6,11,-5,'2015-06-22 15:50:07','corporis nemo enim ipsam voluptatem quia\ncorrupti quos dolores et quas molestias excepturi sint occaecati\ndoloribus asperiores repellat alias'),(36,6,2,81,-3,'2016-03-04 10:53:04','et voluptates repudiandae sint et molestiae non recusandae\nporro quisquam est qui minus id\naut fugit sed quia consequuntur magni dolores eos qui ratione'),(37,5,3,98,-2,'2015-08-01 10:04:54','saepe eveniet ut et voluptates repudiandae sint et\nfuga et harum\nadipisci velit sed quia non'),(38,8,7,26,0,'2015-10-06 07:51:35','ut aut reiciendis voluptatibus\npraesentium laudantium totam rem\nsunt in culpa qui officia deserunt mollitia animi id'),(39,5,9,73,4,'2016-02-13 09:51:25','saepe eveniet ut et voluptates repudiandae sint et molestiae non\nut aut reiciendis voluptatibus maiores doloribus asperiores repellat\neveniet ut et'),(40,10,8,47,-5,'2015-06-28 22:37:51','maiores doloribus asperiores repellat alias consequatur\net aut consequatur\naliquid ex ea commodi'),(41,1,2,31,-3,'2015-12-23 17:10:44','et aut consequatur vel illum qui dolorem eum\neos qui ratione voluptatem sequi nesciunt neque dolorem ipsum quia\nquaerat voluptatem ut enim ad minima veniam quis'),(42,4,1,4,-5,'2015-10-06 22:02:20','facilis est et expedita distinctio nam libero tempore cum\nodit aut fugit sed quia consequuntur magni\naccusamus officiis debitis aut rerum'),(43,5,4,80,-4,'2016-01-28 05:59:39','et iusto odio dignissimos ducimus qui blanditiis praesentium laudantium totam\ndistinctio nam libero tempore cum soluta\nmaiores doloribus asperiores'),(44,10,1,89,0,'2016-05-03 21:58:52','soluta nobis est eligendi optio cumque\nquasi architecto beatae vitae dicta sunt explicabo aspernatur aut\ndolorem eum fugiat quo voluptas nulla'),(45,9,8,27,-2,'2015-07-08 04:09:09','rerum hic tenetur a sapiente delectus\nveritatis et quasi architecto\nunde omnis iste natus error similique sunt in culpa qui'),(46,7,8,60,3,'2016-05-08 18:45:11','velit sed quia non\nmaxime placeat facere possimus omnis voluptas assumenda est\naut consequatur vel illum'),(47,3,6,68,-1,'2015-06-19 03:19:05','qui ratione voluptatem sequi\naut odit aut fugit sed quia consequuntur\nconsectetur adipisci velit sed quia non numquam eius modi'),(48,9,9,31,-1,'2015-09-23 17:44:22','atque corrupti quos\nvoluptas nulla pariatur at vero eos et accusamus officiis\nsed quia consequuntur magni dolores eos qui ratione voluptatem'),(49,8,2,88,-1,'2015-06-08 06:30:33','dignissimos ducimus qui blanditiis praesentium laudantium totam rem voluptatum\ntenetur a sapiente delectus ut aut reiciendis voluptatibus maiores\nnihil impedit quo porro quisquam est qui'),(50,6,9,69,-3,'2016-03-21 10:15:38','unde omnis iste natus error similique sunt\niusto odio dignissimos\nenim ad minima veniam quis nostrum exercitationem');
CREATE TABLE "ids" (
    "id" integer  NOT NULL,
    "category" integer  NOT NULL,
    "region" integer  NOT NULL,
    "users" integer  NOT NULL,
    "item" integer  NOT NULL,
    "comment" integer  NOT NULL,
    "bid" integer  NOT NULL,
    "buyNow" integer  NOT NULL,
    PRIMARY KEY ("id"),
    UNIQUE ("id")
);

CREATE TABLE "items" (
    "id" integer  NOT NULL,
    "name" varchar(200) DEFAULT NULL,
    "description" text ,
    "initial_price" float  NOT NULL,
    "quantity" integer  NOT NULL,
    "reserve_price" float  DEFAULT '0',
    "buy_now" float  DEFAULT '0',
    "nb_of_bids" integer  DEFAULT '0',
    "max_bid" float  DEFAULT '0',
    "start_date" timestamp with time zone DEFAULT NULL,
    "end_date" timestamp with time zone DEFAULT NULL,
    "seller" integer  NOT NULL,
    "category" integer  NOT NULL,
    PRIMARY KEY ("id"),
    UNIQUE ("id")
);

INSERT INTO "items" VALUES (1,'libero tempore cum','dolores eos qui ratione voluptatem sequi nesciunt neque dolorem\ncommodi consequatur quis autem vel eum iure reprehenderit qui\nquas molestias excepturi sint occaecati\nnemo enim ipsam voluptatem\nautem vel eum iure reprehenderit qui in',347.23,9,843.5,664.1,9,756.96,'2016-01-24 07:13:35','2016-01-20 02:27:16',2,1),(2,'aliquid ex ea','totam rem voluptatum deleniti\npraesentium laudantium totam rem voluptatum deleniti\nanimi id est laborum et dolorum fuga et harum quidem\npraesentium laudantium totam rem voluptatum deleniti',902.86,9,424.62,409.79,1,688.3,'2015-09-08 07:34:21','2015-06-20 19:28:52',10,1),(3,'est qui minus','velit sed quia non numquam eius modi\net harum quidem\nut labore et dolore magnam aliquam quaerat voluptatem ut enim\nharum quidem rerum facilis est et expedita',167.86,8,461.2,83.93,10,38.28,'2016-05-19 10:42:57','2015-09-25 11:26:42',10,3),(4,'incidunt ut labore','praesentium laudantium totam rem voluptatum deleniti atque corrupti\noptio cumque nihil impedit\ntotam rem voluptatum deleniti\nqui minus id quod maxime\nin ea voluptate velit esse quam nihil molestiae\nsoluta nobis est eligendi optio cumque nihil impedit',744.58,4,488.28,504.57,1,129.42,'2015-07-14 11:11:28','2015-07-23 01:35:00',5,5),(5,'dolore magnam aliquam','eaque ipsa quae ab illo inventore veritatis et quasi architecto\nperferendis sit voluptatem accusantium doloremque aperiam eaque ipsa\niusto odio dignissimos ducimus qui blanditiis\nearum rerum hic tenetur a sapiente delectus\nsunt in culpa qui officia deserunt\naliquam quaerat voluptatem ut enim',901.89,7,166.94,96.38,10,653.41,'2016-04-24 12:35:58','2015-08-03 22:58:11',2,4),(6,'ipsam voluptatem quia','totam rem voluptatum\nperferendis sit voluptatem accusantium doloremque\ndistinctio nam libero tempore cum soluta nobis est eligendi',829.8,9,111.62,207.37,0,491.15,'2016-01-27 12:13:22','2016-04-19 22:05:56',2,4),(7,'nobis est eligendi','labore et dolore magnam aliquam quaerat voluptatem ut enim ad\niusto odio dignissimos\nqui minus id\nrepellat alias consequatur aut',930.73,0,589.53,927.89,2,638.23,'2016-02-24 22:16:31','2015-08-21 16:37:06',4,2),(8,'soluta nobis est','ut aut reiciendis voluptatibus maiores doloribus asperiores repellat alias consequatur\nquae ab illo\nvel illum qui dolorem\npossimus omnis voluptas assumenda est omnis',304.25,0,187.26,410.69,9,637.42,'2015-07-18 09:27:56','2016-04-22 06:18:34',3,2),(9,'numquam eius modi','nostrum exercitationem ullam corporis nemo enim\nfugiat quo voluptas nulla pariatur at vero eos et accusamus\nexplicabo aspernatur aut odit aut fugit sed quia consequuntur magni\nnemo enim ipsam voluptatem quia voluptas sit suscipit\net dolore magnam\naperiam eaque ipsa quae ab illo inventore veritatis et',343.61,0,322.69,241.83,4,334.91,'2016-02-09 15:45:31','2015-12-09 17:01:55',5,2),(10,'accusamus officiis debitis','quo porro quisquam est\nconsequatur aut perferendis sit voluptatem\naut odit aut fugit sed quia consequuntur magni',111.34,9,968.71,419.57,3,332.23,'2016-03-16 05:57:56','2015-07-19 07:35:13',7,5),(11,'corrupti quos dolores','dignissimos ducimus qui blanditiis praesentium laudantium totam\ndistinctio nam libero tempore\nnecessitatibus saepe eveniet ut et voluptates repudiandae sint et',314.3,6,100.94,195.48,1,122.16,'2015-11-25 05:02:00','2016-02-24 13:37:31',6,2),(12,'dolores eos qui','ipsum quia dolor\noptio cumque nihil impedit quo porro quisquam\nassumenda est omnis dolor repellendus temporibus autem quibusdam et\nqui ratione voluptatem sequi nesciunt neque dolorem\nnatus error similique sunt in\nporro quisquam est qui minus',32.14,2,820.15,258.74,2,688.02,'2016-01-05 13:34:45','2016-04-01 02:39:43',6,2),(13,'aut perferendis sit','aut fugit sed quia consequuntur magni dolores\nid est laborum et dolorum fuga et harum\nipsum quia dolor sit\nofficia deserunt mollitia animi id est\nprovident sed ut perspiciatis unde\naccusamus officiis debitis aut',988.62,7,783.7,138.41,5,487.16,'2015-12-11 03:20:49','2015-06-25 03:20:55',4,4),(14,'et voluptates repudiandae','voluptas sit suscipit laboriosam nisi ut aliquid ex ea\nlabore et dolore magnam aliquam quaerat voluptatem\nullam corporis nemo enim ipsam voluptatem quia voluptas sit\nbeatae vitae dicta sunt explicabo aspernatur aut\nvero eos et accusamus\nqui blanditiis praesentium laudantium totam rem voluptatum',655.85,6,635.34,371.57,3,436.58,'2015-10-29 22:41:49','2015-09-29 00:55:40',9,2),(15,'illo inventore veritatis','voluptas assumenda est\nquibusdam et aut consequatur vel illum\nillum qui dolorem eum fugiat quo voluptas\nomnis dolor repellendus temporibus autem\nqui blanditiis praesentium laudantium totam rem voluptatum deleniti atque\nratione voluptatem sequi nesciunt neque dolorem ipsum',253.18,2,65.02,446.66,0,829.57,'2016-01-16 03:47:36','2015-08-06 23:09:49',6,3),(16,'aut rerum necessitatibus','consectetur adipisci velit sed\nvoluptatem quia voluptas sit suscipit laboriosam nisi\ncumque nihil impedit\nut labore et dolore magnam aliquam',779.22,9,83,404.83,3,697.68,'2016-02-03 19:26:11','2016-01-26 18:50:35',5,3),(17,'a sapiente delectus','quae ab illo inventore veritatis et quasi\nenim ipsam voluptatem quia voluptas sit suscipit laboriosam\npraesentium laudantium totam\nvoluptas assumenda est omnis dolor repellendus temporibus',608.35,4,994.34,130.31,6,209.59,'2015-07-31 19:48:57','2015-11-28 14:49:31',6,4),(18,'quia dolor sit','voluptatem quia voluptas\net voluptates repudiandae sint et molestiae non recusandae itaque\nnulla pariatur at vero eos et accusamus officiis debitis\nharum quidem rerum facilis est et expedita distinctio nam libero\ndolores et quas\neius modi tempora incidunt ut labore et',646.1,4,500.45,994.83,7,265.25,'2015-10-29 22:39:55','2016-04-05 03:54:51',5,1),(19,'quasi architecto beatae','adipisci velit sed quia non\nomnis voluptas assumenda est omnis dolor\nvoluptates repudiandae sint et molestiae non recusandae itaque\ndoloribus asperiores repellat alias consequatur aut perferendis sit voluptatem\nmodi tempora incidunt ut labore et',256.99,0,158,152.85,7,789.13,'2016-01-03 17:09:23','2016-03-04 23:46:18',9,1),(20,'autem quibusdam et','non recusandae itaque earum\nqui blanditiis praesentium laudantium totam rem voluptatum deleniti atque corrupti\npossimus omnis voluptas assumenda est omnis dolor\nsint et molestiae non recusandae itaque earum rerum\nrem voluptatum deleniti atque corrupti quos dolores et',244.34,0,504.64,716.06,9,768.5,'2015-12-16 12:42:02','2016-01-25 07:15:42',7,1),(21,'ullam corporis nemo','ducimus qui blanditiis praesentium laudantium totam rem\nsed ut perspiciatis unde omnis iste natus error similique sunt\nut et voluptates repudiandae sint',516.7,7,718.61,983.97,1,96.54,'2016-03-29 15:40:03','2015-09-22 15:28:28',7,3),(22,'odit aut fugit','id est laborum\nmodi tempora incidunt ut labore et dolore magnam aliquam quaerat\ncum soluta nobis est eligendi optio\nmagni dolores eos qui\nmagni dolores eos qui ratione voluptatem sequi\nnecessitatibus saepe eveniet ut',801.07,0,997.79,54.94,8,323.2,'2015-10-11 18:20:18','2015-06-16 06:32:58',5,2),(23,'qui ratione voluptatem','laudantium totam rem voluptatum deleniti\nsit suscipit laboriosam nisi ut aliquid ex\nillo inventore veritatis et quasi architecto beatae vitae dicta\nrepellendus temporibus autem quibusdam et aut consequatur',818.97,7,366.98,592.77,1,257.37,'2015-06-22 03:35:06','2016-05-10 05:13:57',5,2),(24,'odit aut fugit','doloremque aperiam eaque ipsa quae ab illo inventore veritatis et\nnobis est eligendi optio cumque nihil impedit quo porro quisquam\nquasi architecto beatae vitae dicta sunt explicabo aspernatur aut odit\nconsequuntur magni dolores eos qui ratione voluptatem sequi nesciunt\naut perferendis sit voluptatem accusantium doloremque\nodio dignissimos ducimus qui blanditiis praesentium laudantium totam rem',372.19,7,944.73,806.27,2,127.15,'2016-03-23 05:45:18','2015-08-06 04:48:43',3,3),(25,'et voluptates repudiandae','quos dolores et quas molestias excepturi sint occaecati\nqui blanditiis praesentium\nab illo inventore veritatis et quasi architecto beatae',647.42,3,448.67,930.59,4,227.17,'2016-04-26 21:54:44','2015-12-16 17:53:52',7,3),(26,'suscipit laboriosam nisi','nisi ut aliquid\ndelectus ut aut reiciendis voluptatibus maiores\nipsa quae ab illo inventore veritatis et quasi architecto beatae\noptio cumque nihil impedit quo porro quisquam est qui minus\nassumenda est omnis dolor repellendus temporibus\nsunt explicabo aspernatur aut odit aut',939.01,9,370.2,940.38,2,981.44,'2015-12-02 08:55:50','2015-08-18 02:33:44',2,2),(27,'voluptas nulla pariatur','minus id quod maxime\nnon provident sed ut perspiciatis unde omnis iste natus error\ncupiditate non provident',0.75,2,257.88,206.03,10,997.83,'2016-03-26 12:40:00','2016-05-02 13:24:55',5,4),(28,'ut aliquid ex','nemo enim ipsam voluptatem quia voluptas\ntemporibus autem quibusdam\nneque dolorem ipsum\nnon provident sed ut perspiciatis unde omnis iste\noccaecati cupiditate non provident sed ut perspiciatis',741.95,10,367.2,32.89,1,218.69,'2016-03-20 17:23:04','2016-04-05 19:41:47',6,3),(29,'velit sed quia','id est laborum et dolorum fuga et harum quidem rerum\nlaudantium totam rem voluptatum deleniti atque corrupti\nconsequatur aut perferendis sit voluptatem\nodit aut fugit sed quia consequuntur magni dolores eos\nrerum hic tenetur\net dolore magnam aliquam quaerat voluptatem',194.74,10,158.58,537.57,2,960.8,'2016-02-04 23:08:06','2016-02-15 02:28:02',5,3),(30,'eos qui ratione','sunt explicabo aspernatur aut odit\nminima veniam quis nostrum exercitationem ullam corporis nemo enim ipsam\net expedita distinctio nam libero\nrerum hic tenetur a sapiente delectus ut aut reiciendis\nut enim ad minima veniam quis nostrum\nmaiores doloribus asperiores repellat',400.49,4,298.36,828.79,0,996.52,'2015-11-21 22:53:12','2016-02-16 08:22:33',6,3),(31,'aut perferendis sit','aut odit aut fugit sed quia consequuntur\nperferendis sit voluptatem accusantium doloremque aperiam eaque\naliquid ex ea commodi consequatur\ndolorum fuga et harum quidem rerum\nquia dolor sit\ntempora incidunt ut',638.94,2,904.66,467.82,7,793.65,'2015-12-24 18:51:39','2016-01-28 11:53:34',2,5),(32,'doloribus asperiores repellat','ut aut reiciendis voluptatibus maiores\noccaecati cupiditate non\ninventore veritatis et quasi architecto beatae vitae dicta sunt\nitaque earum rerum hic tenetur a\nnihil molestiae et iusto odio',510.55,5,875.18,149.54,9,762.17,'2016-01-06 19:41:19','2015-08-18 12:56:12',2,1),(33,'quae ab illo','nihil molestiae et iusto odio dignissimos ducimus qui\ndolore magnam aliquam quaerat voluptatem ut enim\noptio cumque nihil impedit quo porro\neius modi tempora incidunt ut labore et dolore magnam',957.71,0,568.18,653.26,5,413.86,'2015-08-01 12:27:07','2016-03-09 07:25:34',6,5),(34,'cum soluta nobis','ducimus qui blanditiis praesentium laudantium totam rem voluptatum deleniti\naut fugit sed quia consequuntur\nblanditiis praesentium laudantium totam rem voluptatum deleniti atque corrupti\ndolores eos qui ratione\nvel eum iure reprehenderit qui in',905.38,3,182.4,938.38,9,809.57,'2016-03-18 15:13:52','2015-10-21 05:39:01',2,4),(35,'fugiat quo voluptas','aut rerum necessitatibus saepe eveniet\nest qui minus\nblanditiis praesentium laudantium totam rem voluptatum deleniti atque corrupti quos\nvoluptatem quia voluptas sit suscipit laboriosam nisi ut aliquid',162.14,3,750.9,704.97,8,657.2,'2016-03-17 06:44:27','2015-08-09 06:34:55',8,2),(36,'veniam quis nostrum','esse quam nihil molestiae et iusto\nvoluptas sit suscipit laboriosam nisi ut\nsunt in culpa\ntempora incidunt ut labore',685.82,4,336.54,810.59,1,655.18,'2015-07-01 10:32:25','2016-02-27 11:33:15',3,4),(37,'natus error similique','fugit sed quia consequuntur magni\nut perspiciatis unde\nearum rerum hic tenetur a sapiente delectus ut',92.09,0,599.69,77.04,6,572.04,'2015-09-23 02:52:36','2015-08-12 22:07:52',5,3),(38,'corrupti quos dolores','in culpa qui officia deserunt mollitia animi\ndolores et quas molestias excepturi sint occaecati cupiditate non\nea voluptate velit esse quam\nnobis est eligendi optio cumque\nconsequatur aut perferendis sit voluptatem accusantium doloremque aperiam',132.55,2,377.04,450.12,9,683.84,'2015-06-04 17:40:48','2015-12-05 10:54:14',3,1),(39,'excepturi sint occaecati','quia consequuntur magni dolores eos\ndolor repellendus temporibus autem quibusdam et aut consequatur vel\nat vero eos et accusamus officiis debitis\nquae ab illo inventore veritatis\nquia non numquam eius modi tempora incidunt ut labore\nquo porro quisquam est qui minus id',463.75,4,418.32,83.65,9,714.75,'2016-03-21 14:34:43','2015-09-21 13:16:25',4,2),(40,'mollitia animi id','saepe eveniet ut et voluptates repudiandae sint et molestiae\naccusantium doloremque aperiam eaque ipsa quae\nminima veniam quis nostrum',182.37,8,567.86,56.87,7,103.9,'2015-10-04 08:10:46','2016-05-03 08:14:49',3,2),(41,'vel illum qui','esse quam nihil molestiae et iusto odio\nqui blanditiis praesentium laudantium totam rem\net quas molestias\nconsectetur adipisci velit sed quia non',90.79,8,957.05,307.79,8,98.42,'2016-03-13 18:56:44','2016-02-14 00:45:29',2,1),(42,'adipisci velit sed','necessitatibus saepe eveniet ut et voluptates\nmolestiae et iusto odio\ntotam rem voluptatum deleniti atque corrupti quos dolores et\nsunt explicabo aspernatur aut',488.63,5,69.26,136.06,4,246.05,'2015-11-11 08:39:09','2016-03-06 10:29:41',7,4),(43,'voluptates repudiandae sint','ut labore et dolore magnam aliquam quaerat voluptatem ut enim\nvel illum qui dolorem eum\nincidunt ut labore et dolore\nbeatae vitae dicta sunt explicabo aspernatur',594.22,2,673.05,29.02,1,503.03,'2016-05-20 06:16:12','2016-02-01 19:40:03',3,1),(44,'nihil molestiae et','similique sunt in culpa qui officia\nvoluptatum deleniti atque corrupti\ncorporis nemo enim ipsam voluptatem quia\nmagni dolores eos\nsit voluptatem accusantium doloremque aperiam eaque ipsa quae',531.46,3,999.13,653.95,3,910.72,'2015-11-16 19:54:13','2015-06-12 01:07:54',9,1),(45,'repellat alias consequatur','dignissimos ducimus qui blanditiis praesentium laudantium totam\nasperiores repellat alias\net molestiae non recusandae itaque earum rerum hic\nvoluptates repudiandae sint et molestiae non recusandae itaque\nvoluptatem accusantium doloremque aperiam eaque',134.99,10,71.19,420.84,3,531.34,'2015-06-27 01:44:14','2016-01-22 13:20:20',1,3),(46,'vel illum qui','molestiae et iusto\ndelectus ut aut reiciendis voluptatibus maiores\nperspiciatis unde omnis iste natus error similique',698.93,6,178.58,722.91,5,854.4,'2016-04-18 14:53:54','2015-08-04 08:58:34',6,1),(47,'rerum necessitatibus saepe','nihil molestiae et iusto\nmollitia animi id est laborum et dolorum\nlaboriosam nisi ut aliquid ex ea commodi consequatur quis autem\nsit suscipit laboriosam nisi\ndolore magnam aliquam quaerat voluptatem',738.44,3,752.56,200.63,1,634.11,'2015-11-13 04:38:47','2015-07-10 21:15:43',1,4),(48,'quasi architecto beatae','et quasi architecto beatae vitae dicta sunt explicabo aspernatur aut\nfuga et harum quidem rerum facilis\nmolestiae non recusandae itaque earum rerum hic tenetur\nquos dolores et quas molestias excepturi sint occaecati cupiditate non',471.4,7,74.59,689.48,0,726.12,'2015-09-06 22:01:11','2015-12-31 09:13:47',2,1),(49,'temporibus autem quibusdam','animi id est laborum et dolorum fuga et harum\nqui officia deserunt mollitia\neveniet ut et voluptates repudiandae sint et',73.63,5,55.98,334.95,6,584.37,'2015-08-09 11:37:57','2016-05-04 22:21:22',3,3),(50,'sit amet consectetur','voluptatem ut enim ad minima veniam quis nostrum\net dolorum fuga et harum quidem rerum facilis est et\nanimi id est laborum et dolorum fuga\nvoluptatum deleniti atque corrupti quos\nconsequuntur magni dolores eos qui ratione',924,6,474.09,365.02,8,57.44,'2016-01-17 09:19:10','2015-09-25 19:35:46',2,2),(51,'similique sunt in','ut et voluptates repudiandae\nassumenda est omnis dolor repellendus temporibus autem quibusdam et\nsed quia consequuntur magni dolores',612.43,10,433.85,539.65,8,84.51,'2015-11-23 01:50:02','2016-02-01 01:13:51',7,3),(52,'et harum quidem','cumque nihil impedit quo porro quisquam est qui\nsit voluptatem accusantium doloremque aperiam eaque ipsa quae\nautem vel eum\nsuscipit laboriosam nisi ut aliquid ex ea commodi consequatur',840.35,10,401.69,244.95,1,115.68,'2015-08-30 10:35:35','2015-08-10 20:57:27',4,3),(53,' consequatur aut','quam nihil molestiae\naut reiciendis voluptatibus maiores doloribus asperiores repellat alias consequatur\ndolores eos qui ratione voluptatem sequi nesciunt',563.55,6,307.67,485.12,3,864.81,'2015-07-15 07:34:44','2016-01-06 12:55:55',4,5),(54,'occaecati cupiditate non','rem voluptatum deleniti atque\nut enim ad minima veniam quis nostrum exercitationem\npossimus omnis voluptas assumenda est omnis dolor repellendus\nanimi id est laborum et dolorum',280.86,1,178.73,617.62,1,971.55,'2015-12-08 14:18:05','2016-03-26 12:44:05',5,1),(55,'ipsum quia dolor','omnis dolor repellendus temporibus autem quibusdam et\naspernatur aut odit aut fugit sed quia consequuntur magni dolores\nipsum quia dolor sit amet consectetur adipisci velit sed\net aut consequatur vel illum\naperiam eaque ipsa quae ab illo inventore veritatis\nreprehenderit qui in ea voluptate velit',167.09,10,266.01,55.44,9,736.89,'2015-12-16 10:24:36','2015-09-15 02:55:26',10,5),(56,'maxime placeat facere','autem quibusdam et aut consequatur vel\nqui ratione voluptatem sequi nesciunt neque dolorem\ntempora incidunt ut labore et dolore magnam\nsit voluptatem accusantium doloremque aperiam eaque ipsa\nut labore et dolore magnam aliquam quaerat\ndicta sunt explicabo aspernatur aut odit aut fugit',998.49,4,521.19,517.19,7,53.61,'2015-07-07 04:26:53','2016-01-19 05:38:11',3,3),(57,'minus id quod','voluptas assumenda est omnis dolor repellendus temporibus autem\nasperiores repellat alias consequatur aut perferendis\nrepellat alias consequatur',542.18,3,320.81,123.56,7,408.04,'2016-04-24 13:41:02','2015-08-03 06:51:35',9,2),(58,'ipsam voluptatem quia','sit suscipit laboriosam nisi ut aliquid\nautem quibusdam et aut consequatur vel illum qui dolorem\nqui ratione voluptatem sequi nesciunt neque dolorem ipsum quia\nmagnam aliquam quaerat voluptatem ut enim ad minima veniam quis',869.32,6,238.84,830.48,9,195.94,'2015-11-19 09:19:44','2015-06-08 03:55:30',1,5),(59,'sapiente delectus ut','omnis voluptas assumenda est omnis dolor repellendus temporibus autem\nvoluptatibus maiores doloribus asperiores repellat alias consequatur aut\nodit aut fugit sed\ntemporibus autem quibusdam et aut consequatur',529.66,3,470.98,300.46,6,700.83,'2015-09-22 20:38:52','2015-11-06 15:09:43',5,4),(60,'tenetur a sapiente','pariatur at vero eos et accusamus officiis\nvoluptas nulla pariatur at\ntempora incidunt ut\ndoloremque aperiam eaque\nsit suscipit laboriosam nisi ut aliquid ex ea\ndolor sit amet consectetur adipisci velit sed quia non',44.2,9,483.9,549.88,1,724.76,'2015-09-20 20:11:48','2016-03-12 09:25:29',2,4),(61,'dignissimos ducimus qui','quibusdam et aut consequatur\nalias consequatur aut perferendis\nvoluptatibus maiores doloribus asperiores repellat alias consequatur aut perferendis sit\nitaque earum rerum hic tenetur a\ntenetur a sapiente delectus ut aut reiciendis voluptatibus maiores doloribus',120.72,7,404.41,221.23,4,733.14,'2015-06-05 17:25:49','2015-06-18 18:53:57',2,1),(62,'quo porro quisquam','pariatur at vero eos et accusamus officiis debitis\nenim ad minima veniam quis\nfacere possimus omnis voluptas assumenda est omnis dolor repellendus temporibus',863.32,5,545.44,785.44,2,600.79,'2016-03-07 20:40:48','2015-12-26 05:18:35',8,1),(63,'vero eos et','et accusamus officiis\nvelit sed quia non\nofficia deserunt mollitia animi id est\nvoluptate velit esse quam nihil\nquia voluptas sit\net accusamus officiis debitis aut rerum necessitatibus saepe eveniet',377.83,8,359.62,125.37,2,29.57,'2015-07-18 05:48:28','2015-11-01 12:54:52',3,2),(64,'voluptatibus maiores doloribus','optio cumque nihil impedit quo porro quisquam est qui\nminus id quod maxime placeat facere possimus omnis voluptas assumenda\nharum quidem rerum facilis est et expedita\nest omnis dolor repellendus temporibus autem quibusdam et\nsed quia consequuntur\nanimi id est laborum et dolorum fuga',273.88,4,569.09,0.97,10,536.31,'2016-04-02 00:09:52','2015-10-05 02:32:53',10,3),(65,'cupiditate non provident','fugit sed quia consequuntur magni dolores eos qui\nquia consequuntur magni dolores eos qui\nenim ipsam voluptatem quia voluptas\nofficia deserunt mollitia animi id est',287.33,0,867.71,550.08,5,308.08,'2015-08-21 04:57:39','2015-11-05 22:29:44',8,1),(66,'sapiente delectus ut','ad minima veniam\nvoluptatum deleniti atque corrupti quos dolores\naliquam quaerat voluptatem ut enim\nlibero tempore cum soluta nobis est\nnumquam eius modi tempora incidunt\niure reprehenderit qui in ea voluptate velit esse quam nihil',485.31,6,614.07,231.71,9,116.16,'2015-05-31 23:55:40','2016-05-24 22:45:10',7,2),(67,'quod maxime placeat','ut aliquid ex ea commodi consequatur\nhic tenetur a sapiente delectus ut aut reiciendis voluptatibus\nquis autem vel eum iure reprehenderit qui in ea voluptate',556,9,497.77,308,6,911.72,'2015-08-27 17:46:38','2015-11-01 01:47:26',10,1),(68,'at vero eos','qui blanditiis praesentium laudantium totam\nrem voluptatum deleniti atque corrupti quos dolores et quas molestias\nmolestiae et iusto\nducimus qui blanditiis praesentium laudantium totam rem voluptatum deleniti atque',428.51,8,399.57,298.8,3,163.26,'2016-05-10 10:30:34','2016-02-25 11:21:08',4,5),(69,'qui ratione voluptatem','non recusandae itaque earum rerum hic tenetur\nid est laborum\nveritatis et quasi architecto beatae\nenim ipsam voluptatem quia voluptas sit suscipit laboriosam',5.74,9,52.25,286.56,4,782.45,'2015-10-03 02:51:58','2015-06-08 19:22:22',3,1),(70,'consequuntur magni dolores','libero tempore cum soluta nobis\neum fugiat quo\nadipisci velit sed quia non',190.31,7,924.96,743.28,1,219.05,'2016-02-11 04:49:25','2015-07-01 04:30:08',9,1),(71,'molestiae non recusandae','nostrum exercitationem ullam corporis nemo\nmolestiae et iusto odio dignissimos ducimus qui blanditiis praesentium\nfugiat quo voluptas nulla pariatur at vero',824.93,9,477.14,614.58,1,803.59,'2016-01-01 05:38:10','2015-06-12 03:57:44',6,1),(72,'dolorem eum fugiat','unde omnis iste natus error similique sunt\nvoluptatem quia voluptas sit suscipit laboriosam nisi\niusto odio dignissimos ducimus qui blanditiis praesentium\nvitae dicta sunt explicabo aspernatur aut odit\neos et accusamus officiis debitis aut rerum necessitatibus',836.89,8,17.63,970.67,4,555.12,'2015-06-24 01:36:57','2016-01-15 06:35:25',1,2),(73,'quisquam est qui','cumque nihil impedit quo porro quisquam est\nnesciunt neque dolorem ipsum quia dolor sit amet consectetur\nlaboriosam nisi ut aliquid ex ea commodi consequatur quis autem\nmaiores doloribus asperiores repellat alias consequatur',970.97,6,688.3,383.1,0,610.12,'2016-01-06 04:49:09','2015-08-30 01:44:24',1,1),(74,'sit voluptatem accusantium','possimus omnis voluptas assumenda est omnis dolor\nest laborum et dolorum fuga et harum quidem\ninventore veritatis et quasi\nunde omnis iste natus error',26.82,4,266.98,655.24,0,651.6,'2016-03-23 23:57:30','2016-03-27 18:20:54',10,5),(75,'non recusandae itaque','non provident sed ut perspiciatis unde omnis iste natus error\nratione voluptatem sequi nesciunt\nvel illum qui dolorem eum fugiat\nlibero tempore cum soluta nobis est eligendi\nsint et molestiae non recusandae itaque',674.48,8,341.86,421.48,5,379.42,'2016-04-24 22:16:30','2015-06-03 05:02:51',6,2),(76,'rerum hic tenetur','perspiciatis unde omnis iste natus error\nfugit sed quia consequuntur magni dolores eos\nest eligendi optio cumque nihil\nsit suscipit laboriosam nisi ut aliquid ex ea commodi',378.3,7,607.41,784.22,5,323.64,'2015-07-20 07:55:02','2015-08-01 08:26:00',7,3),(77,'rerum hic tenetur','possimus omnis voluptas assumenda est omnis dolor repellendus temporibus autem\n consequatur aut perferendis sit voluptatem\npariatur at vero eos et accusamus officiis\nsimilique sunt in culpa qui officia deserunt mollitia\ndolor sit amet consectetur adipisci\narchitecto beatae vitae dicta sunt explicabo aspernatur aut odit aut',992.12,7,993.75,950.67,8,917.61,'2015-09-20 03:28:51','2015-10-02 22:47:53',10,5),(78,'doloremque aperiam eaque','aliquid ex ea commodi\nsint occaecati cupiditate non provident sed\nfuga et harum quidem rerum facilis',569.66,3,184.08,7.2,1,109.2,'2015-08-07 18:47:57','2016-04-29 21:14:07',6,1),(79,'harum quidem rerum','et quasi architecto beatae\nblanditiis praesentium laudantium totam rem\nenim ipsam voluptatem quia voluptas sit\ncumque nihil impedit quo porro quisquam est qui minus',493.62,0,352.89,660.02,8,582.51,'2015-08-08 00:02:12','2015-12-08 10:48:14',9,2),(80,'enim ipsam voluptatem','pariatur at vero eos et accusamus officiis debitis\nvoluptas nulla pariatur at vero\nfugiat quo voluptas nulla pariatur\nquis autem vel eum iure reprehenderit qui in ea voluptate\nnon numquam eius modi tempora incidunt ut\nipsum quia dolor sit amet consectetur adipisci velit sed',307.23,3,274.03,253.58,3,277.58,'2015-10-16 20:23:19','2015-09-14 02:34:59',2,5),(81,'autem vel eum','incidunt ut labore et dolore magnam aliquam quaerat voluptatem\ntemporibus autem quibusdam et\nquis autem vel\ndoloremque aperiam eaque ipsa quae ab illo inventore veritatis et\ndeleniti atque corrupti\nullam corporis nemo enim ipsam voluptatem',468.83,8,462.38,752.92,2,477.74,'2015-12-03 17:15:45','2015-08-12 18:08:27',2,5),(82,'atque corrupti quos','est eligendi optio cumque nihil\nlaborum et dolorum\nnon numquam eius modi tempora incidunt ut',39.05,2,894.76,526.32,7,711.95,'2016-02-06 22:16:21','2016-04-30 03:06:30',10,2),(83,'sit amet consectetur','tenetur a sapiente delectus ut aut reiciendis voluptatibus\nperferendis sit voluptatem accusantium doloremque\nadipisci velit sed quia non numquam eius modi tempora\nipsum quia dolor sit\nquia consequuntur magni dolores eos qui ratione voluptatem',146.65,0,704.13,950.2,2,584.36,'2016-05-03 20:10:54','2015-12-01 09:58:59',9,1),(84,'corporis nemo enim','quisquam est qui minus id quod maxime placeat\nquisquam est qui minus id quod maxime placeat facere\nquis nostrum exercitationem ullam corporis nemo enim ipsam voluptatem quia\ndolorum fuga et',243.97,5,9.16,353.94,2,26.07,'2015-10-17 12:48:36','2016-03-27 14:16:14',10,4),(85,'voluptatum deleniti atque','vel illum qui\naspernatur aut odit aut fugit sed quia consequuntur\ndolor repellendus temporibus autem\ndolore magnam aliquam\ndolore magnam aliquam quaerat voluptatem ut enim ad minima\neum iure reprehenderit qui in',222.8,6,449.5,511.2,0,978.39,'2015-07-24 11:30:44','2016-04-02 18:18:20',3,2),(86,'molestias excepturi sint','voluptas nulla pariatur at vero eos et accusamus officiis\nlaborum et dolorum\nsed ut perspiciatis unde omnis iste',872.3,3,916.77,546.77,2,60.32,'2016-02-17 20:44:22','2015-08-02 18:44:57',3,5),(87,'consequatur aut perferendis','quod maxime placeat facere possimus omnis voluptas assumenda\nquo porro quisquam est qui\nlabore et dolore magnam aliquam quaerat voluptatem',210.36,8,735.02,702.3,9,82.46,'2015-09-26 21:44:45','2015-06-26 14:16:58',4,1),(88,'praesentium laudantium totam','odit aut fugit sed quia consequuntur\nmaxime placeat facere possimus omnis voluptas assumenda est\nqui minus id quod maxime placeat facere possimus omnis\nveritatis et quasi architecto beatae vitae dicta sunt',149.47,4,530.02,718.55,10,555.39,'2015-07-24 10:53:09','2016-02-23 04:02:51',4,2),(89,'velit sed quia','voluptatibus maiores doloribus asperiores\nnumquam eius modi tempora incidunt ut labore et dolore magnam\nnihil molestiae et iusto odio dignissimos ducimus',556.57,9,593.35,119,8,261.59,'2016-05-14 20:57:19','2016-03-15 20:48:18',3,3),(90,'iure reprehenderit qui','et quasi architecto beatae\nratione voluptatem sequi nesciunt neque dolorem ipsum\nest laborum et dolorum\ndolorem ipsum quia dolor sit amet consectetur\nofficiis debitis aut',950.01,10,191.65,620.02,6,504.04,'2015-11-24 01:25:50','2016-01-18 12:19:18',4,3),(91,'ut et voluptates','placeat facere possimus omnis voluptas assumenda est\nreiciendis voluptatibus maiores doloribus asperiores repellat\net expedita distinctio nam libero tempore cum soluta nobis\nillo inventore veritatis et',305.51,6,903.76,355.09,2,500.3,'2016-05-09 14:27:37','2016-01-04 05:35:29',8,1),(92,'officia deserunt mollitia','corporis nemo enim ipsam voluptatem quia voluptas sit\nquaerat voluptatem ut enim ad minima\nearum rerum hic tenetur a sapiente delectus ut aut reiciendis\net accusamus officiis',478.79,8,797.03,459.31,3,635.42,'2016-03-06 10:58:21','2016-04-23 06:37:15',9,5),(93,'repellat alias consequatur','cupiditate non provident sed ut\nat vero eos et accusamus\nomnis iste natus error similique sunt in culpa qui officia\niste natus error similique sunt in culpa qui\nlaborum et dolorum fuga et harum quidem\ndoloremque aperiam eaque ipsa quae',60.02,5,481.87,828.38,5,830.69,'2016-05-13 02:48:50','2016-02-21 23:17:24',3,2),(94,'corrupti quos dolores','expedita distinctio nam libero tempore cum soluta\nqui dolorem eum fugiat quo\net quasi architecto beatae vitae dicta sunt explicabo\nest qui minus\net dolore magnam aliquam quaerat voluptatem\nautem quibusdam et',194.97,0,75,417.23,9,548.9,'2015-09-11 05:16:51','2016-03-06 03:15:13',7,5),(95,'error similique sunt','sequi nesciunt neque dolorem ipsum quia dolor sit\nsunt in culpa qui officia deserunt\naut consequatur vel illum\nut labore et dolore\nquidem rerum facilis est et expedita distinctio\nomnis iste natus error similique sunt in culpa qui',534.1,6,941.18,337.17,4,159.85,'2016-01-10 17:09:34','2015-10-27 02:21:05',5,2),(96,'accusantium doloremque aperiam','at vero eos et accusamus officiis debitis\nunde omnis iste natus error similique\nnihil impedit quo',112.66,3,564.74,845.55,4,187.27,'2015-09-10 01:00:46','2015-09-01 01:52:08',2,3),(97,'quidem rerum facilis','dignissimos ducimus qui blanditiis praesentium laudantium totam rem voluptatum\nqui blanditiis praesentium laudantium\nporro quisquam est\nsed ut perspiciatis unde omnis iste',796.72,2,310.73,956.01,10,243.54,'2016-02-05 19:58:37','2015-07-21 01:09:27',6,3),(98,'voluptas sit suscipit','eos qui ratione voluptatem sequi\nquaerat voluptatem ut enim\nodit aut fugit sed quia consequuntur magni\nfugit sed quia consequuntur\ncorrupti quos dolores\nvelit sed quia non',145.73,5,421.55,677.75,0,239.42,'2015-08-07 19:08:37','2016-04-25 23:34:59',10,1),(99,'doloribus asperiores repellat','eos et accusamus officiis debitis aut rerum necessitatibus saepe eveniet\ntempora incidunt ut labore et dolore magnam\nsit voluptatem accusantium doloremque',886.83,4,332.3,674.41,8,982.45,'2016-03-09 04:36:38','2016-02-12 23:36:48',4,1),(100,'voluptatem accusantium doloremque','tenetur a sapiente delectus ut aut\ndolores eos qui ratione voluptatem sequi\ndignissimos ducimus qui blanditiis praesentium laudantium\nrerum necessitatibus saepe\nest omnis dolor repellendus temporibus autem quibusdam et aut consequatur',546.33,7,399.27,388.96,0,915.15,'2015-11-25 17:12:41','2015-12-19 23:13:58',8,4);
CREATE TABLE "regions" (
    "id" integer  NOT NULL,
    "name" varchar(200) DEFAULT NULL,
    PRIMARY KEY ("id"),
    UNIQUE ("id")
);

INSERT INTO "regions" VALUES (1,'omnis iste natus'),(2,'dolorem eum fugiat'),(3,'eum iure reprehenderit'),(4,'officia deserunt mollitia'),(5,'qui minus id'),(6,'adipisci velit sed'),(7,'magni dolores eos'),(8,'laudantium totam rem'),(9,'dolorem eum fugiat'),(10,'est et expedita');
CREATE TABLE "users" (
    "id" integer  NOT NULL,
    "firstname" varchar(200) DEFAULT NULL,
    "lastname" varchar(200) DEFAULT NULL,
    "nickname" varchar(200) NOT NULL,
    "password" varchar(200) NOT NULL,
    "email" varchar(200) NOT NULL,
    "rating" integer DEFAULT NULL,
    "balance" float DEFAULT NULL,
    "creation_date" timestamp with time zone DEFAULT NULL,
    "region" integer  NOT NULL,
    PRIMARY KEY ("id"),
    UNIQUE ("id"),
    UNIQUE ("nickname")
);

INSERT INTO "users" VALUES (1,'Susanna','Wiza','61dd7b1c-5234-4d37-8a72-80875871c488','DXxQHpbfOtHLUda','Kellen.Blick63@gmail.com',-16,1.68,'2016-04-24 09:23:05',7),(2,'Mark','Ledner','08ec962a-fc56-40a3-9e07-1fca0520253c','PoBXzP0bbPPpgQk','Richmond.Bogisich@hotmail.com',0,223.08,'2016-01-01 19:38:55',1),(3,'Alvina','Padberg','ed179076-ad71-4630-896a-e5679c316295','FHg7IwuOp1KJ4wU','Jed_Mante@yahoo.com',-28,301.13,'2015-06-17 03:24:15',10),(4,'Gianni','Hahn','9ea59577-023d-4eab-8858-9a2bfd1a3c3a','56bkewsE3fYj1he','Gerard.Luettgen65@yahoo.com',-33,753.75,'2016-04-19 13:52:43',10),(5,'Isaiah','Keeling','15a488ea-541f-4bec-b194-63004ae9028d','rNrJBjK3M1_FXHj','Sheldon.Haley@gmail.com',-38,914.32,'2015-06-30 23:35:58',6),(6,'Monserrate','Weissnat','e45681b9-4452-4fac-aabd-74287093b0f1','6H9mk5XMsD7c_38','Candida_Leffler@yahoo.com',-16,549.17,'2015-12-08 15:11:38',3),(7,'Nico','Durgan','b1278e39-be38-46ed-b4e5-418de4c73db2','SUFFE5uMR3bI0xj','Celestine_Larkin@hotmail.com',-42,900.24,'2015-08-06 09:26:42',5),(8,'Eliseo','Russel','6ca26057-0dcc-495c-849f-d14a86361aa0','Tt7C2NgjxuaOdYr','Dennis81@gmail.com',-34,680.04,'2015-12-31 03:36:15',4),(9,'Tina','Hayes','180de783-b4e1-4877-a80c-f5e9393196e2','sOY8meKmjW9Aluu','Shayne_Beatty59@yahoo.com',-25,914.59,'2015-06-17 22:56:16',1),(10,'Arnold','Skiles','e0934837-354c-45c2-b73d-8695b8f1b966','DH7PapSj2eS5Fy0','Walker.OReilly99@yahoo.com',-16,791.41,'2015-10-03 21:56:20',1);

-- Post-data save --
COMMIT;
START TRANSACTION;

-- Typecasts --

-- Foreign keys --

-- Sequences --
CREATE SEQUENCE bids_id_seq;
SELECT setval('bids_id_seq', max(id)) FROM bids;
ALTER TABLE "bids" ALTER COLUMN "id" SET DEFAULT nextval('bids_id_seq');
CREATE SEQUENCE buynow_id_seq;
SELECT setval('buynow_id_seq', max(id)) FROM buynow;
ALTER TABLE "buynow" ALTER COLUMN "id" SET DEFAULT nextval('buynow_id_seq');
CREATE SEQUENCE categories_id_seq;
SELECT setval('categories_id_seq', max(id)) FROM categories;
ALTER TABLE "categories" ALTER COLUMN "id" SET DEFAULT nextval('categories_id_seq');
CREATE SEQUENCE comments_id_seq;
SELECT setval('comments_id_seq', max(id)) FROM comments;
ALTER TABLE "comments" ALTER COLUMN "id" SET DEFAULT nextval('comments_id_seq');
CREATE SEQUENCE ids_id_seq;
SELECT setval('ids_id_seq', max(id)) FROM ids;
ALTER TABLE "ids" ALTER COLUMN "id" SET DEFAULT nextval('ids_id_seq');
CREATE SEQUENCE items_id_seq;
SELECT setval('items_id_seq', max(id)) FROM items;
ALTER TABLE "items" ALTER COLUMN "id" SET DEFAULT nextval('items_id_seq');
CREATE SEQUENCE regions_id_seq;
SELECT setval('regions_id_seq', max(id)) FROM regions;
ALTER TABLE "regions" ALTER COLUMN "id" SET DEFAULT nextval('regions_id_seq');
CREATE SEQUENCE users_id_seq;
SELECT setval('users_id_seq', max(id)) FROM users;
ALTER TABLE "users" ALTER COLUMN "id" SET DEFAULT nextval('users_id_seq');

-- Full Text keys --

COMMIT;
